Datetime,Region,Predicted_Load,Load,Fold,Origin,Error
2014-06-01 02:00:00,AEP,10990.585870423614,11137.0,1,2014-06-01 01:00:00,146.41412957638568
2014-06-01 03:00:00,AEP,10408.850624462171,10742.0,1,2014-06-01 01:00:00,333.14937553782875
2014-06-01 04:00:00,AEP,10097.706715868926,10439.0,1,2014-06-01 01:00:00,341.29328413107396
2014-06-01 05:00:00,AEP,10095.82581367925,10358.0,1,2014-06-01 01:00:00,262.17418632074987
2014-06-01 06:00:00,AEP,10431.75779191943,10290.0,1,2014-06-01 01:00:00,-141.75779191943002
2014-06-01 07:00:00,AEP,11070.632822799811,10217.0,1,2014-06-01 01:00:00,-853.632822799811
2014-06-01 08:00:00,AEP,11820.144879306179,10692.0,1,2014-06-01 01:00:00,-1128.144879306179
2014-06-01 09:00:00,AEP,12543.270407656273,11604.0,1,2014-06-01 01:00:00,-939.2704076562732
2014-06-01 10:00:00,AEP,13170.80479817442,12433.0,1,2014-06-01 01:00:00,-737.8047981744203
2014-06-01 11:00:00,AEP,13623.190834249284,13115.0,1,2014-06-01 01:00:00,-508.1908342492843
2014-06-01 12:00:00,AEP,13932.023892560768,13732.0,1,2014-06-01 01:00:00,-200.02389256076822
2014-06-01 13:00:00,AEP,14137.125426124265,14424.0,1,2014-06-01 01:00:00,286.8745738757352
2014-06-01 14:00:00,AEP,14267.906139078907,15037.0,1,2014-06-01 01:00:00,769.0938609210934
2014-06-01 15:00:00,AEP,14342.534419843905,15447.0,1,2014-06-01 01:00:00,1104.4655801560948
2014-06-01 16:00:00,AEP,14369.237919232044,15975.0,1,2014-06-01 01:00:00,1605.762080767956
2014-06-01 17:00:00,AEP,14403.75555103014,16415.0,1,2014-06-01 01:00:00,2011.2444489698591
2014-06-01 18:00:00,AEP,14417.563842349731,16771.0,1,2014-06-01 01:00:00,2353.436157650269
2014-06-01 19:00:00,AEP,14377.423634675873,16837.0,1,2014-06-01 01:00:00,2459.5763653241265
2014-06-01 20:00:00,AEP,14243.986636091555,16558.0,1,2014-06-01 01:00:00,2314.013363908445
2014-06-01 21:00:00,AEP,13916.010238231156,16145.0,1,2014-06-01 01:00:00,2228.989761768844
2014-06-01 22:00:00,AEP,13386.266866585542,16157.0,1,2014-06-01 01:00:00,2770.7331334144583
2014-06-01 23:00:00,AEP,12640.060967031863,15384.0,1,2014-06-01 01:00:00,2743.9390329681373
2014-06-02 00:00:00,AEP,11992.966375269507,14233.0,1,2014-06-01 01:00:00,2240.033624730493
2014-06-02 01:00:00,AEP,11437.972703555268,13272.0,1,2014-06-01 01:00:00,1834.0272964447322
2014-06-01 02:00:00,COMED,9594.252643126647,9741.0,1,2014-06-01 01:00:00,146.74735687335306
2014-06-01 03:00:00,COMED,8798.390311492201,9253.0,1,2014-06-01 01:00:00,454.60968850779864
2014-06-01 04:00:00,COMED,8181.375737432525,8880.0,1,2014-06-01 01:00:00,698.624262567475
2014-06-01 05:00:00,COMED,7812.928242256465,8609.0,1,2014-06-01 01:00:00,796.0717577435353
2014-06-01 06:00:00,COMED,7737.128566432158,8513.0,1,2014-06-01 01:00:00,775.8714335678424
2014-06-01 07:00:00,COMED,8041.969677838002,8283.0,1,2014-06-01 01:00:00,241.0303221619979
2014-06-01 08:00:00,COMED,8652.569383707363,8413.0,1,2014-06-01 01:00:00,-239.56938370736316
2014-06-01 09:00:00,COMED,9386.56692831705,9057.0,1,2014-06-01 01:00:00,-329.56692831705004
2014-06-01 10:00:00,COMED,10103.277146977673,9938.0,1,2014-06-01 01:00:00,-165.2771469776726
2014-06-01 11:00:00,COMED,10670.656982839539,10813.0,1,2014-06-01 01:00:00,142.3430171604614
2014-06-01 12:00:00,COMED,11088.569608816082,11739.0,1,2014-06-01 01:00:00,650.4303911839179
2014-06-01 13:00:00,COMED,11384.238051837776,12427.0,1,2014-06-01 01:00:00,1042.7619481622241
2014-06-01 14:00:00,COMED,11582.536151500102,13310.0,1,2014-06-01 01:00:00,1727.4638484998977
2014-06-01 15:00:00,COMED,11702.868887982202,13908.0,1,2014-06-01 01:00:00,2205.131112017798
2014-06-01 16:00:00,COMED,11757.38946526986,14345.0,1,2014-06-01 01:00:00,2587.61053473014
2014-06-01 17:00:00,COMED,11807.148092312465,14607.0,1,2014-06-01 01:00:00,2799.8519076875345
2014-06-01 18:00:00,COMED,11829.683530358543,14858.0,1,2014-06-01 01:00:00,3028.316469641457
2014-06-01 19:00:00,COMED,11797.260676090164,15028.0,1,2014-06-01 01:00:00,3230.7393239098365
2014-06-01 20:00:00,COMED,11680.365304623334,14665.0,1,2014-06-01 01:00:00,2984.634695376666
2014-06-01 21:00:00,COMED,11374.87258302759,14283.0,1,2014-06-01 01:00:00,2908.1274169724093
2014-06-01 22:00:00,COMED,10869.974040422756,14041.0,1,2014-06-01 01:00:00,3171.025959577244
2014-06-01 23:00:00,COMED,10160.711546578988,13684.0,1,2014-06-01 01:00:00,3523.2884534210116
2014-06-02 00:00:00,COMED,9543.904380422193,12867.0,1,2014-06-01 01:00:00,3323.095619577807
2014-06-02 01:00:00,COMED,9015.685319447397,11873.0,1,2014-06-01 01:00:00,2857.314680552603
2014-06-01 02:00:00,DAYTON,1401.4411234267454,1452.0,1,2014-06-01 01:00:00,50.558876573254565
2014-06-01 03:00:00,DAYTON,1234.7171992924314,1379.0,1,2014-06-01 01:00:00,144.28280070756864
2014-06-01 04:00:00,DAYTON,1070.73271715797,1328.0,1,2014-06-01 01:00:00,257.26728284203
2014-06-01 05:00:00,DAYTON,917.2556583927617,1309.0,1,2014-06-01 01:00:00,391.7443416072383
2014-06-01 06:00:00,DAYTON,787.635130077464,1309.0,1,2014-06-01 01:00:00,521.364869922536
2014-06-01 07:00:00,DAYTON,755.940789159129,1296.0,1,2014-06-01 01:00:00,540.059210840871
2014-06-01 08:00:00,DAYTON,832.8454095625275,1371.0,1,2014-06-01 01:00:00,538.1545904374725
2014-06-01 09:00:00,DAYTON,1014.6624154759866,1516.0,1,2014-06-01 01:00:00,501.33758452401344
2014-06-01 10:00:00,DAYTON,1253.7612551362035,1653.0,1,2014-06-01 01:00:00,399.23874486379646
2014-06-01 11:00:00,DAYTON,1450.5132905752635,1767.0,1,2014-06-01 01:00:00,316.48670942473655
2014-06-01 12:00:00,DAYTON,1601.2910554709806,1879.0,1,2014-06-01 01:00:00,277.7089445290194
2014-06-01 13:00:00,DAYTON,1716.8452383076137,1976.0,1,2014-06-01 01:00:00,259.1547616923863
2014-06-01 14:00:00,DAYTON,1804.4286847995127,2082.0,1,2014-06-01 01:00:00,277.57131520048733
2014-06-01 15:00:00,DAYTON,1865.2935846345881,2136.0,1,2014-06-01 01:00:00,270.7064153654119
2014-06-01 16:00:00,DAYTON,1896.300817385295,2209.0,1,2014-06-01 01:00:00,312.699182614705
2014-06-01 17:00:00,DAYTON,1948.5279382772114,2295.0,1,2014-06-01 01:00:00,346.47206172278857
2014-06-01 18:00:00,DAYTON,1992.1682513901887,2356.0,1,2014-06-01 01:00:00,363.83174860981126
2014-06-01 19:00:00,DAYTON,1996.406262140561,2371.0,1,2014-06-01 01:00:00,374.593737859439
2014-06-01 20:00:00,DAYTON,1943.3185671152169,2332.0,1,2014-06-01 01:00:00,388.68143288478313
2014-06-01 21:00:00,DAYTON,1757.6873544310629,2276.0,1,2014-06-01 01:00:00,518.3126455689371
2014-06-01 22:00:00,DAYTON,1423.670547691001,2304.0,1,2014-06-01 01:00:00,880.329452308999
2014-06-01 23:00:00,DAYTON,931.7809602561429,2203.0,1,2014-06-01 01:00:00,1271.2190397438571
2014-06-02 00:00:00,DAYTON,578.6033798763128,2022.0,1,2014-06-01 01:00:00,1443.3966201236872
2014-06-02 01:00:00,DAYTON,335.44871625693486,1895.0,1,2014-06-01 01:00:00,1559.5512837430651
2014-06-01 02:00:00,DEOK,2482.740178322925,2528.0,1,2014-06-01 01:00:00,45.2598216770748
2014-06-01 03:00:00,DEOK,2258.7810961498535,2393.0,1,2014-06-01 01:00:00,134.2189038501465
2014-06-01 04:00:00,DEOK,2062.5354308200504,2293.0,1,2014-06-01 01:00:00,230.46456917994965
2014-06-01 05:00:00,DEOK,1905.133472760117,2235.0,1,2014-06-01 01:00:00,329.866527239883
2014-06-01 06:00:00,DEOK,1802.8645255504907,2238.0,1,2014-06-01 01:00:00,435.1354744495093
2014-06-01 07:00:00,DEOK,1830.2442953835725,2212.0,1,2014-06-01 01:00:00,381.75570461642747
2014-06-01 08:00:00,DEOK,1990.380336879659,2319.0,1,2014-06-01 01:00:00,328.6196631203411
2014-06-01 09:00:00,DEOK,2244.8513045498958,2549.0,1,2014-06-01 01:00:00,304.14869545010424
2014-06-01 10:00:00,DEOK,2533.9480220543383,2793.0,1,2014-06-01 01:00:00,259.05197794566175
2014-06-01 11:00:00,DEOK,2760.0245879134873,3014.0,1,2014-06-01 01:00:00,253.97541208651273
2014-06-01 12:00:00,DEOK,2925.453169338548,3217.0,1,2014-06-01 01:00:00,291.5468306614521
2014-06-01 13:00:00,DEOK,3046.2163258605533,3403.0,1,2014-06-01 01:00:00,356.7836741394467
2014-06-01 14:00:00,DEOK,3133.7208892587605,3568.0,1,2014-06-01 01:00:00,434.2791107412395
2014-06-01 15:00:00,DEOK,3191.8369790634906,3694.0,1,2014-06-01 01:00:00,502.1630209365094
2014-06-01 16:00:00,DEOK,3218.9712724596684,3858.0,1,2014-06-01 01:00:00,639.0287275403316
2014-06-01 17:00:00,DEOK,3267.0358247865215,4023.0,1,2014-06-01 01:00:00,755.9641752134785
2014-06-01 18:00:00,DEOK,3305.9733437464274,4133.0,1,2014-06-01 01:00:00,827.0266562535726
2014-06-01 19:00:00,DEOK,3304.759957554754,4123.0,1,2014-06-01 01:00:00,818.2400424452462
2014-06-01 20:00:00,DEOK,3243.382136031455,4005.0,1,2014-06-01 01:00:00,761.617863968545
2014-06-01 21:00:00,DEOK,3041.6484896607863,3923.0,1,2014-06-01 01:00:00,881.3515103392137
2014-06-01 22:00:00,DEOK,2684.2618995816492,3833.0,1,2014-06-01 01:00:00,1148.7381004183508
2014-06-01 23:00:00,DEOK,2160.6408014651706,3592.0,1,2014-06-01 01:00:00,1431.3591985348294
2014-06-02 00:00:00,DEOK,1769.9391687463303,3283.0,1,2014-06-01 01:00:00,1513.0608312536697
2014-06-02 01:00:00,DEOK,1491.5060370586862,3027.0,1,2014-06-01 01:00:00,1535.4939629413138
2014-06-01 02:00:00,DOM,7169.99769921941,7250.0,1,2014-06-01 01:00:00,80.0023007805903
2014-06-01 03:00:00,DOM,6704.706724374322,6899.0,1,2014-06-01 01:00:00,194.29327562567778
2014-06-01 04:00:00,DOM,6418.824024044794,6733.0,1,2014-06-01 01:00:00,314.175975955206
2014-06-01 05:00:00,DOM,6343.154283180616,6672.0,1,2014-06-01 01:00:00,328.8457168193836
2014-06-01 06:00:00,DOM,6502.483276074705,6722.0,1,2014-06-01 01:00:00,219.51672392529508
2014-06-01 07:00:00,DOM,6929.279779456991,6821.0,1,2014-06-01 01:00:00,-108.27977945699058
2014-06-01 08:00:00,DOM,7489.318627120464,7359.0,1,2014-06-01 01:00:00,-130.31862712046404
2014-06-01 09:00:00,DOM,8062.0265162087435,8057.0,1,2014-06-01 01:00:00,-5.026516208743487
2014-06-01 10:00:00,DOM,8582.57680296479,8624.0,1,2014-06-01 01:00:00,41.42319703521025
2014-06-01 11:00:00,DOM,8967.356214910267,9048.0,1,2014-06-01 01:00:00,80.64378508973277
2014-06-01 12:00:00,DOM,9236.863833455307,9343.0,1,2014-06-01 01:00:00,106.13616654469297
2014-06-01 13:00:00,DOM,9423.240870437168,9596.0,1,2014-06-01 01:00:00,172.75912956283173
2014-06-01 14:00:00,DOM,9550.283329218997,9801.0,1,2014-06-01 01:00:00,250.7166707810029
2014-06-01 15:00:00,DOM,9636.593516325001,10043.0,1,2014-06-01 01:00:00,406.4064836749985
2014-06-01 16:00:00,DOM,9679.649062814138,10234.0,1,2014-06-01 01:00:00,554.3509371858618
2014-06-01 17:00:00,DOM,9734.037874560669,10494.0,1,2014-06-01 01:00:00,759.9621254393314
2014-06-01 18:00:00,DOM,9771.763670828912,10779.0,1,2014-06-01 01:00:00,1007.2363291710881
2014-06-01 19:00:00,DOM,9754.214877172126,10825.0,1,2014-06-01 01:00:00,1070.7851228278741
2014-06-01 20:00:00,DOM,9651.935512123528,10495.0,1,2014-06-01 01:00:00,843.0644878764724
2014-06-01 21:00:00,DOM,9378.568772318844,10354.0,1,2014-06-01 01:00:00,975.4312276811561
2014-06-01 22:00:00,DOM,8919.588702325007,10151.0,1,2014-06-01 01:00:00,1231.411297674993
2014-06-01 23:00:00,DOM,8264.749093317068,9290.0,1,2014-06-01 01:00:00,1025.2509066829316
2014-06-02 00:00:00,DOM,7716.297175516029,8284.0,1,2014-06-01 01:00:00,567.7028244839712
2014-06-02 01:00:00,DOM,7262.460678775997,7526.0,1,2014-06-01 01:00:00,263.5393212240033
2014-06-01 02:00:00,DUQ,1224.2437242053247,1271.0,1,2014-06-01 01:00:00,46.756275794675275
2014-06-01 03:00:00,DUQ,1101.9738185572323,1219.0,1,2014-06-01 01:00:00,117.02618144276767
2014-06-01 04:00:00,DUQ,964.8225853145523,1179.0,1,2014-06-01 01:00:00,214.17741468544773
2014-06-01 05:00:00,DUQ,817.2761341319365,1166.0,1,2014-06-01 01:00:00,348.7238658680635
2014-06-01 06:00:00,DUQ,669.8476699647454,1169.0,1,2014-06-01 01:00:00,499.15233003525464
2014-06-01 07:00:00,DUQ,595.1772382695053,1160.0,1,2014-06-01 01:00:00,564.8227617304947
2014-06-01 08:00:00,DUQ,606.0009394886729,1206.0,1,2014-06-01 01:00:00,599.9990605113271
2014-06-01 09:00:00,DUQ,718.3830546946374,1291.0,1,2014-06-01 01:00:00,572.6169453053626
2014-06-01 10:00:00,DUQ,909.3690326041906,1397.0,1,2014-06-01 01:00:00,487.6309673958094
2014-06-01 11:00:00,DUQ,1079.3800917873186,1490.0,1,2014-06-01 01:00:00,410.61990821268137
2014-06-01 12:00:00,DUQ,1219.0721888098797,1577.0,1,2014-06-01 01:00:00,357.92781119012034
2014-06-01 13:00:00,DUQ,1332.623052669931,1643.0,1,2014-06-01 01:00:00,310.376947330069
2014-06-01 14:00:00,DUQ,1422.7085534679773,1711.0,1,2014-06-01 01:00:00,288.29144653202275
2014-06-01 15:00:00,DUQ,1487.5700855942669,1772.0,1,2014-06-01 01:00:00,284.42991440573314
2014-06-01 16:00:00,DUQ,1523.022353788483,1824.0,1,2014-06-01 01:00:00,300.9776462115169
2014-06-01 17:00:00,DUQ,1579.5967578528207,1876.0,1,2014-06-01 01:00:00,296.4032421471793
2014-06-01 18:00:00,DUQ,1627.6047127180054,1922.0,1,2014-06-01 01:00:00,294.39528728199457
2014-06-01 19:00:00,DUQ,1636.5487803436845,1917.0,1,2014-06-01 01:00:00,280.4512196563155
2014-06-01 20:00:00,DUQ,1588.8136717755424,1873.0,1,2014-06-01 01:00:00,284.1863282244576
2014-06-01 21:00:00,DUQ,1412.3893029283026,1838.0,1,2014-06-01 01:00:00,425.61069707169736
2014-06-01 22:00:00,DUQ,1090.714172764624,1848.0,1,2014-06-01 01:00:00,757.285827235376
2014-06-01 23:00:00,DUQ,613.8099882124588,1779.0,1,2014-06-01 01:00:00,1165.1900117875412
2014-06-02 00:00:00,DUQ,277.66597626758085,1625.0,1,2014-06-01 01:00:00,1347.3340237324192
2014-06-02 01:00:00,DUQ,47.57428863043424,1500.0,1,2014-06-01 01:00:00,1452.4257113695658
2014-06-01 02:00:00,EKPC,898.7943222825743,1018.0,1,2014-06-01 01:00:00,119.20567771742571
2014-06-01 03:00:00,EKPC,703.0782452932344,962.0,1,2014-06-01 01:00:00,258.92175470676557
2014-06-01 04:00:00,EKPC,504.6048987991235,953.0,1,2014-06-01 01:00:00,448.3951012008765
2014-06-01 05:00:00,EKPC,310.5361419214569,929.0,1,2014-06-01 01:00:00,618.4638580785431
2014-06-01 06:00:00,EKPC,138.16162519796308,918.0,1,2014-06-01 01:00:00,779.8383748020369
2014-06-01 07:00:00,EKPC,63.66674465990218,919.0,1,2014-06-01 01:00:00,855.3332553400978
2014-06-01 08:00:00,EKPC,102.26910095858148,961.0,1,2014-06-01 01:00:00,858.7308990414185
2014-06-01 09:00:00,EKPC,261.8122226164014,1121.0,1,2014-06-01 01:00:00,859.1877773835986
2014-06-01 10:00:00,EKPC,502.75265462392235,1263.0,1,2014-06-01 01:00:00,760.2473453760776
2014-06-01 11:00:00,EKPC,720.9337158264025,1345.0,1,2014-06-01 01:00:00,624.0662841735975
2014-06-01 12:00:00,EKPC,902.864510665102,1426.0,1,2014-06-01 01:00:00,523.135489334898
2014-06-01 13:00:00,EKPC,1050.7641849897082,1502.0,1,2014-06-01 01:00:00,451.23581501029184
2014-06-01 14:00:00,EKPC,1167.649323928078,1593.0,1,2014-06-01 01:00:00,425.35067607192195
2014-06-01 15:00:00,EKPC,1254.8019977183912,1611.0,1,2014-06-01 01:00:00,356.19800228160875
2014-06-01 16:00:00,EKPC,1306.4131950942747,1604.0,1,2014-06-01 01:00:00,297.58680490572533
2014-06-01 17:00:00,EKPC,1372.9815765044077,1701.0,1,2014-06-01 01:00:00,328.0184234955923
2014-06-01 18:00:00,EKPC,1426.9324583713442,1736.0,1,2014-06-01 01:00:00,309.0675416286558
2014-06-01 19:00:00,EKPC,1438.2296964924244,1728.0,1,2014-06-01 01:00:00,289.7703035075756
2014-06-01 20:00:00,EKPC,1391.0364198982834,1681.0,1,2014-06-01 01:00:00,289.9635801017166
2014-06-01 21:00:00,EKPC,1213.5161330117053,1630.0,1,2014-06-01 01:00:00,416.4838669882947
2014-06-01 22:00:00,EKPC,887.6027615083785,1663.0,1,2014-06-01 01:00:00,775.3972384916215
2014-06-01 23:00:00,EKPC,404.058989204108,1515.0,1,2014-06-01 01:00:00,1110.941010795892
2014-06-02 00:00:00,EKPC,57.635263472080624,1317.0,1,2014-06-01 01:00:00,1259.3647365279194
2014-06-02 01:00:00,EKPC,-176.34643229588255,1181.0,1,2014-06-01 01:00:00,1357.3464322958826
2014-06-01 02:00:00,FE,5571.92039655308,5647.0,1,2014-06-01 01:00:00,75.07960344692037
2014-06-01 03:00:00,FE,5216.621005225176,5505.0,1,2014-06-01 01:00:00,288.3789947748237
2014-06-01 04:00:00,FE,4962.8191422584,5365.0,1,2014-06-01 01:00:00,402.18085774160045
2014-06-01 05:00:00,FE,4832.1163629640305,5333.0,1,2014-06-01 01:00:00,500.8836370359695
2014-06-01 06:00:00,FE,4846.311610859197,5354.0,1,2014-06-01 01:00:00,507.68838914080334
2014-06-01 07:00:00,FE,5075.741360420154,5246.0,1,2014-06-01 01:00:00,170.2586395798462
2014-06-01 08:00:00,FE,5452.279663097423,5532.0,1,2014-06-01 01:00:00,79.7203369025774
2014-06-01 09:00:00,FE,5876.218560669324,5986.0,1,2014-06-01 01:00:00,109.78143933067622
2014-06-01 10:00:00,FE,6282.419925178461,6333.0,1,2014-06-01 01:00:00,50.5800748215388
2014-06-01 11:00:00,FE,6580.941742273235,6621.0,1,2014-06-01 01:00:00,40.05825772676508
2014-06-01 12:00:00,FE,6784.3882905195715,6988.0,1,2014-06-01 01:00:00,203.61170948042854
2014-06-01 13:00:00,FE,6919.771804670112,7306.0,1,2014-06-01 01:00:00,386.22819532988797
2014-06-01 14:00:00,FE,7006.971153190736,7557.0,1,2014-06-01 01:00:00,550.028846809264
2014-06-01 15:00:00,FE,7055.756597006763,7723.0,1,2014-06-01 01:00:00,667.2434029932374
2014-06-01 16:00:00,FE,7067.8899310679135,7989.0,1,2014-06-01 01:00:00,921.1100689320865
2014-06-01 17:00:00,FE,7097.132952307953,8264.0,1,2014-06-01 01:00:00,1166.867047692047
2014-06-01 18:00:00,FE,7115.783127215736,8483.0,1,2014-06-01 01:00:00,1367.2168727842636
2014-06-01 19:00:00,FE,7090.198472561393,8582.0,1,2014-06-01 01:00:00,1491.801527438607
2014-06-01 20:00:00,FE,6998.556327032616,8446.0,1,2014-06-01 01:00:00,1447.4436729673844
2014-06-01 21:00:00,FE,6750.299515127326,8349.0,1,2014-06-01 01:00:00,1598.7004848726738
2014-06-01 22:00:00,FE,6338.880220546513,8531.0,1,2014-06-01 01:00:00,2192.1197794534874
2014-06-01 23:00:00,FE,5751.204490536994,8144.0,1,2014-06-01 01:00:00,2392.795509463006
2014-06-02 00:00:00,FE,5289.675852052711,7642.0,1,2014-06-01 01:00:00,2352.324147947289
2014-06-02 01:00:00,FE,4937.831410791219,7077.0,1,2014-06-01 01:00:00,2139.1685892087808
2014-06-01 02:00:00,PJME,20547.886373566944,21075.0,1,2014-06-01 01:00:00,527.1136264330562
2014-06-01 03:00:00,PJME,19153.00643042699,20335.0,1,2014-06-01 01:00:00,1181.9935695730092
2014-06-01 04:00:00,PJME,18225.091279143264,19884.0,1,2014-06-01 01:00:00,1658.9087208567362
2014-06-01 05:00:00,PJME,17865.85965397436,19754.0,1,2014-06-01 01:00:00,1888.1403460256406
2014-06-01 06:00:00,PJME,18154.62838713565,19695.0,1,2014-06-01 01:00:00,1540.37161286435
2014-06-01 07:00:00,PJME,19125.554846473475,19939.0,1,2014-06-01 01:00:00,813.4451535265252
2014-06-01 08:00:00,PJME,20474.376197267153,21186.0,1,2014-06-01 01:00:00,711.6238027328473
2014-06-01 09:00:00,PJME,21872.03593362047,22812.0,1,2014-06-01 01:00:00,939.964066379529
2014-06-01 10:00:00,PJME,23121.662170841504,24257.0,1,2014-06-01 01:00:00,1135.3378291584959
2014-06-01 11:00:00,PJME,24082.256777522423,25245.0,1,2014-06-01 01:00:00,1162.7432224775766
2014-06-01 12:00:00,PJME,24766.992638059648,25958.0,1,2014-06-01 01:00:00,1191.007361940352
2014-06-01 13:00:00,PJME,25228.637299414357,26506.0,1,2014-06-01 01:00:00,1277.3627005856433
2014-06-01 14:00:00,PJME,25524.47811608228,26885.0,1,2014-06-01 01:00:00,1360.5218839177214
2014-06-01 15:00:00,PJME,25697.169737694967,27299.0,1,2014-06-01 01:00:00,1601.830262305033
2014-06-01 16:00:00,PJME,25776.644579511318,27886.0,1,2014-06-01 01:00:00,2109.3554204886823
2014-06-01 17:00:00,PJME,25840.18930853311,28647.0,1,2014-06-01 01:00:00,2806.8106914668897
2014-06-01 18:00:00,PJME,25874.045900313715,29310.0,1,2014-06-01 01:00:00,3435.954099686285
2014-06-01 19:00:00,PJME,25844.00575860255,29449.0,1,2014-06-01 01:00:00,3604.9942413974495
2014-06-01 20:00:00,PJME,25715.949170623535,29139.0,1,2014-06-01 01:00:00,3423.050829376465
2014-06-01 21:00:00,PJME,25409.533456257614,29392.0,1,2014-06-01 01:00:00,3982.4665437423864
2014-06-01 22:00:00,PJME,24907.809405218115,29266.0,1,2014-06-01 01:00:00,4358.190594781885
2014-06-01 23:00:00,PJME,24140.318289491814,27089.0,1,2014-06-01 01:00:00,2948.6817105081864
2014-06-02 00:00:00,PJME,23392.84466626568,24676.0,1,2014-06-01 01:00:00,1283.1553337343212
2014-06-02 01:00:00,PJME,22651.9389952407,22777.0,1,2014-06-01 01:00:00,125.06100475929998
2014-06-01 02:00:00,PJMW,3669.9666760442215,3806.0,1,2014-06-01 01:00:00,136.03332395577854
2014-06-01 03:00:00,PJMW,3388.2091193828855,3726.0,1,2014-06-01 01:00:00,337.79088061711445
2014-06-01 04:00:00,PJMW,3172.160316771494,3624.0,1,2014-06-01 01:00:00,451.83968322850615
2014-06-01 05:00:00,PJMW,3039.961559848407,3569.0,1,2014-06-01 01:00:00,529.038440151593
2014-06-01 06:00:00,PJMW,3010.577327828163,3644.0,1,2014-06-01 01:00:00,633.4226721718369
2014-06-01 07:00:00,PJMW,3157.625774972046,3679.0,1,2014-06-01 01:00:00,521.3742250279538
2014-06-01 08:00:00,PJMW,3443.8146125501225,3834.0,1,2014-06-01 01:00:00,390.18538744987745
2014-06-01 09:00:00,PJMW,3790.2586951089706,4179.0,1,2014-06-01 01:00:00,388.74130489102936
2014-06-01 10:00:00,PJMW,4135.459833002775,4440.0,1,2014-06-01 01:00:00,304.54016699722524
2014-06-01 11:00:00,PJMW,4389.909679864787,4627.0,1,2014-06-01 01:00:00,237.090320135213
2014-06-01 12:00:00,PJMW,4564.852460036825,4856.0,1,2014-06-01 01:00:00,291.1475399631754
2014-06-01 13:00:00,PJMW,4684.2976699703,4995.0,1,2014-06-01 01:00:00,310.7023300296996
2014-06-01 14:00:00,PJMW,4764.0594019030295,5155.0,1,2014-06-01 01:00:00,390.94059809697046
2014-06-01 15:00:00,PJMW,4812.198830402363,5274.0,1,2014-06-01 01:00:00,461.80116959763745
2014-06-01 16:00:00,PJMW,4829.420459578183,5423.0,1,2014-06-01 01:00:00,593.579540421817
2014-06-01 17:00:00,PJMW,4868.761853199808,5622.0,1,2014-06-01 01:00:00,753.2381468001922
2014-06-01 18:00:00,PJMW,4900.3279137595955,5738.0,1,2014-06-01 01:00:00,837.6720862404045
2014-06-01 19:00:00,PJMW,4892.292876308292,5744.0,1,2014-06-01 01:00:00,851.7071236917081
2014-06-01 20:00:00,PJMW,4821.9909253896,5653.0,1,2014-06-01 01:00:00,831.0090746103997
2014-06-01 21:00:00,PJMW,4608.887588854392,5521.0,1,2014-06-01 01:00:00,912.1124111456083
2014-06-01 22:00:00,PJMW,4240.976846791154,5543.0,1,2014-06-01 01:00:00,1302.0231532088465
2014-06-01 23:00:00,PJMW,3703.940214615277,5071.0,1,2014-06-01 01:00:00,1367.059785384723
2014-06-02 00:00:00,PJMW,3296.0894790773737,4614.0,1,2014-06-01 01:00:00,1317.9105209226263
2014-06-02 01:00:00,PJMW,2997.6221683241256,4278.0,1,2014-06-01 01:00:00,1280.3778316758744
2018-08-01 06:00:00,AEP,12642.711633937177,12714.0,2,2018-08-01 05:00:00,71.28836606282312
2018-08-01 07:00:00,AEP,13208.898409909023,13512.0,2,2018-08-01 05:00:00,303.10159009097697
2018-08-01 08:00:00,AEP,13855.776103837261,14139.0,2,2018-08-01 05:00:00,283.22389616273904
2018-08-01 09:00:00,AEP,14487.815890630365,14685.0,2,2018-08-01 05:00:00,197.18410936963483
2018-08-01 10:00:00,AEP,15057.43819765863,15223.0,2,2018-08-01 05:00:00,165.5618023413699
2018-08-01 11:00:00,AEP,15516.118607642577,15648.0,2,2018-08-01 05:00:00,131.88139235742347
2018-08-01 12:00:00,AEP,15878.245085566985,16116.0,2,2018-08-01 05:00:00,237.75491443301507
2018-08-01 13:00:00,AEP,16161.554276235078,16623.0,2,2018-08-01 05:00:00,461.44572376492215
2018-08-01 14:00:00,AEP,16380.846625596661,17008.0,2,2018-08-01 05:00:00,627.1533744033386
2018-08-01 15:00:00,AEP,16545.311056590428,17146.0,2,2018-08-01 05:00:00,600.688943409572
2018-08-01 16:00:00,AEP,16657.165908003226,17193.0,2,2018-08-01 05:00:00,535.8340919967741
2018-08-01 17:00:00,AEP,16749.068056173106,17183.0,2,2018-08-01 05:00:00,433.931943826894
2018-08-01 18:00:00,AEP,16797.81723284902,17204.0,2,2018-08-01 05:00:00,406.1827671509818
2018-08-01 19:00:00,AEP,16783.555270528683,16870.0,2,2018-08-01 05:00:00,86.44472947131726
2018-08-01 20:00:00,AEP,16692.823759046354,16579.0,2,2018-08-01 05:00:00,-113.8237590463541
2018-08-01 21:00:00,AEP,16462.0189518277,16457.0,2,2018-08-01 05:00:00,-5.018951827700221
2018-08-01 22:00:00,AEP,16072.62016943098,16197.0,2,2018-08-01 05:00:00,124.37983056901976
2018-08-01 23:00:00,AEP,15503.82103837968,15259.0,2,2018-08-01 05:00:00,-244.82103837967952
2018-08-02 00:00:00,AEP,14995.390600870795,14125.0,2,2018-08-01 05:00:00,-870.3906008707945
2018-08-02 01:00:00,AEP,14533.867210820139,13286.0,2,2018-08-01 05:00:00,-1247.867210820139
2018-08-02 02:00:00,AEP,14148.61012216441,12587.0,2,2018-08-01 05:00:00,-1561.6101221644094
2018-08-02 03:00:00,AEP,13862.838975913537,12296.0,2,2018-08-01 05:00:00,-1566.838975913537
2018-08-02 04:00:00,AEP,13702.301642515664,12059.0,2,2018-08-01 05:00:00,-1643.3016425156638
2018-08-02 05:00:00,AEP,13689.249225722542,12224.0,2,2018-08-01 05:00:00,-1465.2492257225422
2018-08-01 06:00:00,COMED,9239.838843726271,9270.0,2,2018-08-01 05:00:00,30.16115627372892
2018-08-01 07:00:00,COMED,9646.269823932511,9753.0,2,2018-08-01 05:00:00,106.73017606748908
2018-08-01 08:00:00,COMED,10265.482564159109,10466.0,2,2018-08-01 05:00:00,200.51743584089127
2018-08-01 09:00:00,COMED,10958.809237559277,11424.0,2,2018-08-01 05:00:00,465.1907624407231
2018-08-01 10:00:00,COMED,11635.565684358671,12294.0,2,2018-08-01 05:00:00,658.4343156413288
2018-08-01 11:00:00,COMED,12212.068790173751,13025.0,2,2018-08-01 05:00:00,812.931209826249
2018-08-01 12:00:00,COMED,12678.382460866413,13814.0,2,2018-08-01 05:00:00,1135.6175391335873
2018-08-01 13:00:00,COMED,13041.993420552833,14516.0,2,2018-08-01 05:00:00,1474.0065794471666
2018-08-01 14:00:00,COMED,13314.871601821753,15203.0,2,2018-08-01 05:00:00,1888.1283981782472
2018-08-01 15:00:00,COMED,13510.131922052919,15881.0,2,2018-08-01 05:00:00,2370.8680779470815
2018-08-01 16:00:00,COMED,13637.437950918691,16123.0,2,2018-08-01 05:00:00,2485.562049081309
2018-08-01 17:00:00,COMED,13734.631724725587,15766.0,2,2018-08-01 05:00:00,2031.3682752744135
2018-08-01 18:00:00,COMED,13789.300753458221,15574.0,2,2018-08-01 05:00:00,1784.6992465417788
2018-08-01 19:00:00,COMED,13784.628333239247,15569.0,2,2018-08-01 05:00:00,1784.3716667607532
2018-08-01 20:00:00,COMED,13709.321586883943,15122.0,2,2018-08-01 05:00:00,1412.6784131160566
2018-08-01 21:00:00,COMED,13503.712583536959,14449.0,2,2018-08-01 05:00:00,945.2874164630412
2018-08-01 22:00:00,COMED,13143.044997270055,14246.0,2,2018-08-01 05:00:00,1102.9550027299447
2018-08-01 23:00:00,COMED,12611.503917273249,13778.0,2,2018-08-01 05:00:00,1166.4960827267514
2018-08-02 00:00:00,COMED,12145.70482606109,12892.0,2,2018-08-01 05:00:00,746.29517393891
2018-08-02 01:00:00,COMED,11727.702081414312,11916.0,2,2018-08-01 05:00:00,188.2979185856875
2018-08-02 02:00:00,COMED,11380.88121421445,11095.0,2,2018-08-01 05:00:00,-285.88121421445067
2018-08-02 03:00:00,COMED,11124.159028758775,10530.0,2,2018-08-01 05:00:00,-594.1590287587751
2018-08-02 04:00:00,COMED,10976.550035704564,10165.0,2,2018-08-01 05:00:00,-811.5500357045639
2018-08-02 05:00:00,COMED,10954.936486309774,9931.0,2,2018-08-01 05:00:00,-1023.9364863097744
2018-08-01 06:00:00,DAYTON,1640.6763874959697,1697.0,2,2018-08-01 05:00:00,56.32361250403028
2018-08-01 07:00:00,DAYTON,1701.2892987290215,1851.0,2,2018-08-01 05:00:00,149.71070127097846
2018-08-01 08:00:00,DAYTON,1795.9489976861178,1950.0,2,2018-08-01 05:00:00,154.05100231388224
2018-08-01 09:00:00,DAYTON,1911.3486849751343,2032.0,2,2018-08-01 05:00:00,120.65131502486565
2018-08-01 10:00:00,DAYTON,2038.7565755435562,2068.0,2,2018-08-01 05:00:00,29.24342445644379
2018-08-01 11:00:00,DAYTON,2137.816786732288,2122.0,2,2018-08-01 05:00:00,-15.816786732288165
2018-08-01 12:00:00,DAYTON,2217.5040573667075,2140.0,2,2018-08-01 05:00:00,-77.50405736670746
2018-08-01 13:00:00,DAYTON,2287.055318730674,2183.0,2,2018-08-01 05:00:00,-104.05531873067412
2018-08-01 14:00:00,DAYTON,2348.954019247448,2247.0,2,2018-08-01 05:00:00,-101.95401924744783
2018-08-01 15:00:00,DAYTON,2399.027259703341,2311.0,2,2018-08-01 05:00:00,-88.02725970334086
2018-08-01 16:00:00,DAYTON,2429.738763769,2314.0,2,2018-08-01 05:00:00,-115.73876376899989
2018-08-01 17:00:00,DAYTON,2467.3636627408214,2377.0,2,2018-08-01 05:00:00,-90.36366274082138
2018-08-01 18:00:00,DAYTON,2489.5319122926667,2433.0,2,2018-08-01 05:00:00,-56.531912292666675
2018-08-01 19:00:00,DAYTON,2474.402152410241,2402.0,2,2018-08-01 05:00:00,-72.40215241024089
2018-08-01 20:00:00,DAYTON,2407.9343712039354,2349.0,2,2018-08-01 05:00:00,-58.93437120393537
2018-08-01 21:00:00,DAYTON,2229.92928192795,2270.0,2,2018-08-01 05:00:00,40.07071807205011
2018-08-01 22:00:00,DAYTON,1923.993499074607,2257.0,2,2018-08-01 05:00:00,333.0065009253931
2018-08-01 23:00:00,DAYTON,1477.7825664631446,2118.0,2,2018-08-01 05:00:00,640.2174335368554
2018-08-02 00:00:00,DAYTON,1129.1505426962385,1924.0,2,2018-08-01 05:00:00,794.8494573037615
2018-08-02 01:00:00,DAYTON,849.8259512830682,1789.0,2,2018-08-01 05:00:00,939.1740487169318
2018-08-02 02:00:00,DAYTON,652.0611771094009,1717.0,2,2018-08-01 05:00:00,1064.938822890599
2018-08-02 03:00:00,DAYTON,542.179564392909,1632.0,2,2018-08-01 05:00:00,1089.820435607091
2018-08-02 04:00:00,DAYTON,527.234555095567,1605.0,2,2018-08-01 05:00:00,1077.765444904433
2018-08-02 05:00:00,DAYTON,613.0686551301551,1604.0,2,2018-08-01 05:00:00,990.9313448698449
2018-08-01 06:00:00,DEOK,2676.417767385261,2737.0,2,2018-08-01 05:00:00,60.58223261473904
2018-08-01 07:00:00,DEOK,2807.0451015942444,2963.0,2,2018-08-01 05:00:00,155.95489840575556
2018-08-01 08:00:00,DEOK,2982.989342506171,3097.0,2,2018-08-01 05:00:00,114.01065749382906
2018-08-01 09:00:00,DEOK,3176.886640635953,3210.0,2,2018-08-01 05:00:00,33.11335936404703
2018-08-01 10:00:00,DEOK,3372.6153124171797,3301.0,2,2018-08-01 05:00:00,-71.61531241717967
2018-08-01 11:00:00,DEOK,3527.955066825193,3384.0,2,2018-08-01 05:00:00,-143.95506682519317
2018-08-01 12:00:00,DEOK,3651.7468865625297,3465.0,2,2018-08-01 05:00:00,-186.74688656252965
2018-08-01 13:00:00,DEOK,3755.864733546544,3545.0,2,2018-08-01 05:00:00,-210.8647335465439
2018-08-01 14:00:00,DEOK,3844.922722407393,3670.0,2,2018-08-01 05:00:00,-174.92272240739294
2018-08-01 15:00:00,DEOK,3916.312320404413,3748.0,2,2018-08-01 05:00:00,-168.31232040441319
2018-08-01 16:00:00,DEOK,3963.2160019709518,3859.0,2,2018-08-01 05:00:00,-104.21600197095177
2018-08-01 17:00:00,DEOK,4010.20408256922,3931.0,2,2018-08-01 05:00:00,-79.20408256922019
2018-08-01 18:00:00,DEOK,4034.46441973086,3972.0,2,2018-08-01 05:00:00,-62.464419730859845
2018-08-01 19:00:00,DEOK,4014.758411844474,3873.0,2,2018-08-01 05:00:00,-141.7584118444738
2018-08-01 20:00:00,DEOK,3938.757138732928,3793.0,2,2018-08-01 05:00:00,-145.75713873292807
2018-08-01 21:00:00,DEOK,3745.1050214895367,3688.0,2,2018-08-01 05:00:00,-57.10502148953674
2018-08-01 22:00:00,DEOK,3417.557756849389,3687.0,2,2018-08-01 05:00:00,269.4422431506109
2018-08-01 23:00:00,DEOK,2943.231899694796,3467.0,2,2018-08-01 05:00:00,523.7681003052039
2018-08-02 00:00:00,DEOK,2562.100015461815,3209.0,2,2018-08-01 05:00:00,646.899984538185
2018-08-02 01:00:00,DEOK,2254.864603774655,2963.0,2,2018-08-01 05:00:00,708.1353962253452
2018-08-02 02:00:00,DEOK,2033.5515721328147,2791.0,2,2018-08-01 05:00:00,757.4484278671853
2018-08-02 03:00:00,DEOK,1903.6922316194104,2682.0,2,2018-08-01 05:00:00,778.3077683805896
2018-08-02 04:00:00,DEOK,1872.0804614323224,2613.0,2,2018-08-01 05:00:00,740.9195385676776
2018-08-02 05:00:00,DEOK,1945.5565853099442,2613.0,2,2018-08-01 05:00:00,667.4434146900558
2018-08-01 06:00:00,DOM,10400.947202859916,10530.0,2,2018-08-01 05:00:00,129.0527971400843
2018-08-01 07:00:00,DOM,10983.246903380657,11177.0,2,2018-08-01 05:00:00,193.7530966193426
2018-08-01 08:00:00,DOM,11640.276563034819,11840.0,2,2018-08-01 05:00:00,199.72343696518146
2018-08-01 09:00:00,DOM,12276.714004942198,12453.0,2,2018-08-01 05:00:00,176.2859950578022
2018-08-01 10:00:00,DOM,12840.819673497805,13080.0,2,2018-08-01 05:00:00,239.18032650219538
2018-08-01 11:00:00,DOM,13282.356596206662,13973.0,2,2018-08-01 05:00:00,690.6434037933377
2018-08-01 12:00:00,DOM,13615.60026395957,14639.0,2,2018-08-01 05:00:00,1023.3997360404301
2018-08-01 13:00:00,DOM,13865.004059019015,15360.0,2,2018-08-01 05:00:00,1494.9959409809853
2018-08-01 14:00:00,DOM,14048.737478642772,15987.0,2,2018-08-01 05:00:00,1938.2625213572283
2018-08-01 15:00:00,DOM,14174.165164500671,16345.0,2,2018-08-01 05:00:00,2170.8348354993286
2018-08-01 16:00:00,DOM,14237.175623051067,16713.0,2,2018-08-01 05:00:00,2475.8243769489327
2018-08-01 17:00:00,DOM,14267.094187023205,17208.0,2,2018-08-01 05:00:00,2940.9058129767946
2018-08-01 18:00:00,DOM,14250.097227992914,17131.0,2,2018-08-01 05:00:00,2880.9027720070862
2018-08-01 19:00:00,DOM,14171.64562234719,16638.0,2,2018-08-01 05:00:00,2466.3543776528095
2018-08-01 20:00:00,DOM,14000.232730128053,15973.0,2,2018-08-01 05:00:00,1972.767269871947
2018-08-01 21:00:00,DOM,13677.19841938838,15461.0,2,2018-08-01 05:00:00,1783.80158061162
2018-08-01 22:00:00,DOM,13191.042142423194,14687.0,2,2018-08-01 05:00:00,1495.9578575768064
2018-08-01 23:00:00,DOM,12537.736155639968,13569.0,2,2018-08-01 05:00:00,1031.2638443600317
2018-08-02 00:00:00,DOM,11969.868065213894,12362.0,2,2018-08-01 05:00:00,392.1319347861063
2018-08-02 01:00:00,DOM,11484.013062325126,11457.0,2,2018-08-01 05:00:00,-27.013062325126157
2018-08-02 02:00:00,DOM,11116.03417283063,10830.0,2,2018-08-01 05:00:00,-286.03417283063027
2018-08-02 03:00:00,DOM,10891.92792575585,10353.0,2,2018-08-01 05:00:00,-538.9279257558501
2018-08-02 04:00:00,DOM,10834.163235967737,10082.0,2,2018-08-01 05:00:00,-752.1632359677369
2018-08-02 05:00:00,DOM,10958.391456538784,10058.0,2,2018-08-01 05:00:00,-900.391456538784
2018-08-01 06:00:00,DUQ,1397.5888634251605,1459.0,2,2018-08-01 05:00:00,61.411136574839475
2018-08-01 07:00:00,DUQ,1444.3341290953958,1555.0,2,2018-08-01 05:00:00,110.66587090460416
2018-08-01 08:00:00,DUQ,1519.9593202379338,1605.0,2,2018-08-01 05:00:00,85.04067976206625
2018-08-01 09:00:00,DUQ,1617.9961172864469,1676.0,2,2018-08-01 05:00:00,58.00388271355314
2018-08-01 10:00:00,DUQ,1732.5060069600713,1725.0,2,2018-08-01 05:00:00,-7.506006960071318
2018-08-01 11:00:00,DUQ,1823.6544748082006,1808.0,2,2018-08-01 05:00:00,-15.654474808200575
2018-08-01 12:00:00,DUQ,1899.6393341699804,1888.0,2,2018-08-01 05:00:00,-11.63933416998043
2018-08-01 13:00:00,DUQ,1968.01950580207,1947.0,2,2018-08-01 05:00:00,-21.019505802069943
2018-08-01 14:00:00,DUQ,2028.7501496337154,1990.0,2,2018-08-01 05:00:00,-38.75014963371541
2018-08-01 15:00:00,DUQ,2074.9532113235873,2052.0,2,2018-08-01 05:00:00,-22.95321132358731
2018-08-01 16:00:00,DUQ,2098.4884926470213,2082.0,2,2018-08-01 05:00:00,-16.488492647021303
2018-08-01 17:00:00,DUQ,2126.6155024723394,2073.0,2,2018-08-01 05:00:00,-53.61550247233936
2018-08-01 18:00:00,DUQ,2139.3443004044866,2017.0,2,2018-08-01 05:00:00,-122.3443004044866
2018-08-01 19:00:00,DUQ,2116.136039272521,1953.0,2,2018-08-01 05:00:00,-163.13603927252097
2018-08-01 20:00:00,DUQ,2041.6719927547638,1907.0,2,2018-08-01 05:00:00,-134.67199275476378
2018-08-01 21:00:00,DUQ,1856.1681193827844,1865.0,2,2018-08-01 05:00:00,8.831880617215575
2018-08-01 22:00:00,DUQ,1544.5481495405184,1809.0,2,2018-08-01 05:00:00,264.45185045948165
2018-08-01 23:00:00,DUQ,1096.4467164562548,1704.0,2,2018-08-01 05:00:00,607.5532835437452
2018-08-02 00:00:00,DUQ,747.1238861530364,1580.0,2,2018-08-01 05:00:00,832.8761138469636
2018-08-02 01:00:00,DUQ,469.50149200114174,1480.0,2,2018-08-01 05:00:00,1010.4985079988583
2018-08-02 02:00:00,DUQ,276.92470013280763,1400.0,2,2018-08-01 05:00:00,1123.0752998671924
2018-08-02 03:00:00,DUQ,176.50595966487163,1351.0,2,2018-08-01 05:00:00,1174.4940403351284
2018-08-02 04:00:00,DUQ,175.4867877995257,1346.0,2,2018-08-01 05:00:00,1170.5132122004743
2018-08-02 05:00:00,DUQ,279.330844250886,1353.0,2,2018-08-01 05:00:00,1073.669155749114
2018-08-01 06:00:00,EKPC,1113.6249378399452,1177.0,2,2018-08-01 05:00:00,63.37506216005477
2018-08-01 07:00:00,EKPC,1162.5680646427154,1255.0,2,2018-08-01 05:00:00,92.4319353572846
2018-08-01 08:00:00,EKPC,1254.6073915481875,1310.0,2,2018-08-01 05:00:00,55.39260845181252
2018-08-01 09:00:00,EKPC,1373.6293087846325,1341.0,2,2018-08-01 05:00:00,-32.629308784632485
2018-08-01 10:00:00,EKPC,1506.4969286485548,1392.0,2,2018-08-01 05:00:00,-114.49692864855479
2018-08-01 11:00:00,EKPC,1610.4235215973777,1400.0,2,2018-08-01 05:00:00,-210.42352159737766
2018-08-01 12:00:00,EKPC,1694.6006749620738,1472.0,2,2018-08-01 05:00:00,-222.60067496207375
2018-08-01 13:00:00,EKPC,1769.4331466727072,1545.0,2,2018-08-01 05:00:00,-224.43314667270715
2018-08-01 14:00:00,EKPC,1837.0481841221672,1580.0,2,2018-08-01 05:00:00,-257.0481841221672
2018-08-01 15:00:00,EKPC,1894.1632036896317,1619.0,2,2018-08-01 05:00:00,-275.1632036896317
2018-08-01 16:00:00,EKPC,1931.730434317852,1659.0,2,2018-08-01 05:00:00,-272.7304343178521
2018-08-01 17:00:00,EKPC,1975.1656088991776,1696.0,2,2018-08-01 05:00:00,-279.16560889917764
2018-08-01 18:00:00,EKPC,2001.5763701848136,1717.0,2,2018-08-01 05:00:00,-284.57637018481364
2018-08-01 19:00:00,EKPC,1989.2207920264127,1730.0,2,2018-08-01 05:00:00,-259.2207920264127
2018-08-01 20:00:00,EKPC,1924.0070548229305,1680.0,2,2018-08-01 05:00:00,-244.0070548229305
2018-08-01 21:00:00,EKPC,1746.8356893368546,1670.0,2,2018-08-01 05:00:00,-76.83568933685456
2018-08-01 22:00:00,EKPC,1441.92187590293,1665.0,2,2018-08-01 05:00:00,223.07812409707003
2018-08-01 23:00:00,EKPC,996.8523394346694,1518.0,2,2018-08-01 05:00:00,521.1476605653306
2018-08-02 00:00:00,EKPC,652.180687062064,1418.0,2,2018-08-01 05:00:00,765.819312937936
2018-08-02 01:00:00,EKPC,379.67269024080633,1303.0,2,2018-08-01 05:00:00,923.3273097591937
2018-08-02 02:00:00,EKPC,192.11758835264845,1191.0,2,2018-08-01 05:00:00,998.8824116473515
2018-08-02 03:00:00,EKPC,97.2528049916964,1107.0,2,2018-08-01 05:00:00,1009.7471950083036
2018-08-02 04:00:00,EKPC,102.95374410198747,1020.0,2,2018-08-01 05:00:00,917.0462558980125
2018-08-02 05:00:00,EKPC,213.1458131481486,1070.0,2,2018-08-01 05:00:00,856.8541868518514
2018-08-01 06:00:00,FE,6868.4636045606585,6996.0,2,2018-08-01 05:00:00,127.5363954393415
2018-08-01 07:00:00,FE,7158.054202177857,7490.0,2,2018-08-01 05:00:00,331.9457978221426
2018-08-01 08:00:00,FE,7503.062657151351,7900.0,2,2018-08-01 05:00:00,396.93734284864877
2018-08-01 09:00:00,FE,7853.330320191113,8182.0,2,2018-08-01 05:00:00,328.66967980888694
2018-08-01 10:00:00,FE,8180.36242348026,8426.0,2,2018-08-01 05:00:00,245.63757651973992
2018-08-01 11:00:00,FE,8440.322402414931,8698.0,2,2018-08-01 05:00:00,257.6775975850687
2018-08-01 12:00:00,FE,8645.235394173344,8782.0,2,2018-08-01 05:00:00,136.7646058266564
2018-08-01 13:00:00,FE,8811.378915993026,8926.0,2,2018-08-01 05:00:00,114.62108400697434
2018-08-01 14:00:00,FE,8946.368417106349,9171.0,2,2018-08-01 05:00:00,224.63158289365128
2018-08-01 15:00:00,FE,9051.171932817488,9264.0,2,2018-08-01 05:00:00,212.8280671825123
2018-08-01 16:00:00,FE,9123.607689590755,9280.0,2,2018-08-01 05:00:00,156.3923104092446
2018-08-01 17:00:00,FE,9189.471532800357,9240.0,2,2018-08-01 05:00:00,50.52846719964327
2018-08-01 18:00:00,FE,9227.97649932987,9098.0,2,2018-08-01 05:00:00,-129.97649932987042
2018-08-01 19:00:00,FE,9220.285998006108,8927.0,2,2018-08-01 05:00:00,-293.28599800610755
2018-08-01 20:00:00,FE,9151.704391835776,8682.0,2,2018-08-01 05:00:00,-469.7043918357758
2018-08-01 21:00:00,FE,8959.521423463106,8570.0,2,2018-08-01 05:00:00,-389.52142346310575
2018-08-01 22:00:00,FE,8625.119205959847,8555.0,2,2018-08-01 05:00:00,-70.11920595984702
2018-08-01 23:00:00,FE,8132.012306163654,8017.0,2,2018-08-01 05:00:00,-115.0123061636541
2018-08-02 00:00:00,FE,7716.154678537814,7448.0,2,2018-08-01 05:00:00,-268.1546785378141
2018-08-02 01:00:00,FE,7358.178060502238,6996.0,2,2018-08-01 05:00:00,-362.1780605022377
2018-08-02 02:00:00,FE,7078.874363622725,6673.0,2,2018-08-01 05:00:00,-405.87436362272456
2018-08-02 03:00:00,FE,6892.471023656204,6489.0,2,2018-08-01 05:00:00,-403.4710236562041
2018-08-02 04:00:00,FE,6813.509303273076,6371.0,2,2018-08-01 05:00:00,-442.5093032730756
2018-08-02 05:00:00,FE,6854.70476286204,6407.0,2,2018-08-01 05:00:00,-447.7047628620403
2018-08-01 06:00:00,PJME,29569.828711477283,30035.0,2,2018-08-01 05:00:00,465.1712885227171
2018-08-01 07:00:00,PJME,31231.4389675364,32365.0,2,2018-08-01 05:00:00,1133.5610324636
2018-08-01 08:00:00,PJME,33059.55632411372,34741.0,2,2018-08-01 05:00:00,1681.4436758862794
2018-08-01 09:00:00,PJME,34784.39535473307,36765.0,2,2018-08-01 05:00:00,1980.6046452669325
2018-08-01 10:00:00,PJME,36267.639013293316,38572.0,2,2018-08-01 05:00:00,2304.3609867066843
2018-08-01 11:00:00,PJME,37423.916573392846,40316.0,2,2018-08-01 05:00:00,2892.0834266071543
2018-08-01 12:00:00,PJME,38271.190914461455,42403.0,2,2018-08-01 05:00:00,4131.809085538545
2018-08-01 13:00:00,PJME,38856.67509975269,43887.0,2,2018-08-01 05:00:00,5030.324900247309
2018-08-01 14:00:00,PJME,39238.15491049205,45313.0,2,2018-08-01 05:00:00,6074.845089507951
2018-08-01 15:00:00,PJME,39461.38254308194,46430.0,2,2018-08-01 05:00:00,6968.617456918058
2018-08-01 16:00:00,PJME,39553.56323270967,47867.0,2,2018-08-01 05:00:00,8313.436767290332
2018-08-01 17:00:00,PJME,39557.965154873425,48855.0,2,2018-08-01 05:00:00,9297.034845126575
2018-08-01 18:00:00,PJME,39468.86054071229,49308.0,2,2018-08-01 05:00:00,9839.139459287711
2018-08-01 19:00:00,PJME,39252.82777670624,48428.0,2,2018-08-01 05:00:00,9175.17222329376
2018-08-01 20:00:00,PJME,38868.06120115167,46912.0,2,2018-08-01 05:00:00,8043.938798848329
2018-08-01 21:00:00,PJME,38257.67785092446,45985.0,2,2018-08-01 05:00:00,7727.322149075539
2018-08-01 22:00:00,PJME,37418.67964151083,44094.0,2,2018-08-01 05:00:00,6675.320358489167
2018-08-01 23:00:00,PJME,36365.09453069527,40666.0,2,2018-08-01 05:00:00,4300.905469304729
2018-08-02 00:00:00,PJME,35380.3708446332,37158.0,2,2018-08-01 05:00:00,1777.629155366798
2018-08-02 01:00:00,PJME,34497.69313735275,34283.0,2,2018-08-01 05:00:00,-214.69313735274773
2018-08-02 02:00:00,PJME,33789.74780580379,32094.0,2,2018-08-01 05:00:00,-1695.7478058037887
2018-08-02 03:00:00,PJME,33316.25550907085,30543.0,2,2018-08-01 05:00:00,-2773.2555090708483
2018-08-02 04:00:00,PJME,33128.360029292606,29791.0,2,2018-08-01 05:00:00,-3337.3600292926058
2018-08-02 05:00:00,PJME,33267.89741224582,29854.0,2,2018-08-01 05:00:00,-3413.8974122458167
2018-08-01 06:00:00,PJMW,4638.930584820729,4815.0,2,2018-08-01 05:00:00,176.06941517927135
2018-08-01 07:00:00,PJMW,4833.368810925599,5135.0,2,2018-08-01 05:00:00,301.63118907440094
2018-08-01 08:00:00,PJMW,5096.968190838927,5509.0,2,2018-08-01 05:00:00,412.0318091610734
2018-08-01 09:00:00,PJMW,5383.676641803903,5644.0,2,2018-08-01 05:00:00,260.3233581960967
2018-08-01 10:00:00,PJMW,5664.212792403934,5846.0,2,2018-08-01 05:00:00,181.78720759606585
2018-08-01 11:00:00,PJMW,5888.742852588941,6165.0,2,2018-08-01 05:00:00,276.2571474110591
2018-08-01 12:00:00,PJMW,6063.187818793076,6419.0,2,2018-08-01 05:00:00,355.8121812069239
2018-08-01 13:00:00,PJMW,6199.415763887295,6614.0,2,2018-08-01 05:00:00,414.5842361127052
2018-08-01 14:00:00,PJMW,6302.396030342774,6853.0,2,2018-08-01 05:00:00,550.6039696572261
2018-08-01 15:00:00,PJMW,6372.449711557365,6980.0,2,2018-08-01 05:00:00,607.5502884426351
2018-08-01 16:00:00,PJMW,6408.3414176358165,7090.0,2,2018-08-01 05:00:00,681.6585823641835
2018-08-01 17:00:00,PJMW,6440.49832097955,7113.0,2,2018-08-01 05:00:00,672.50167902045
2018-08-01 18:00:00,PJMW,6450.531335790449,7147.0,2,2018-08-01 05:00:00,696.4686642095512
2018-08-01 19:00:00,PJMW,6419.089118049495,7012.0,2,2018-08-01 05:00:00,592.9108819505054
2018-08-01 20:00:00,PJMW,6330.91378923495,6816.0,2,2018-08-01 05:00:00,485.08621076505005
2018-08-01 21:00:00,PJMW,6124.367151192623,6571.0,2,2018-08-01 05:00:00,446.63284880737683
2018-08-01 22:00:00,PJMW,5783.030288324657,6362.0,2,2018-08-01 05:00:00,578.9697116753432
2018-08-01 23:00:00,PJMW,5293.979977790194,5881.0,2,2018-08-01 05:00:00,587.0200222098056
2018-08-02 00:00:00,PJMW,4897.121255239139,5363.0,2,2018-08-01 05:00:00,465.8787447608611
2018-08-02 01:00:00,PJMW,4574.309484605847,5100.0,2,2018-08-01 05:00:00,525.6905153941534
2018-08-02 02:00:00,PJMW,4345.582953395398,4840.0,2,2018-08-01 05:00:00,494.41704660460164
2018-08-02 03:00:00,PJMW,4218.5709717612435,4745.0,2,2018-08-01 05:00:00,526.4290282387565
2018-08-02 04:00:00,PJMW,4201.118186411112,4572.0,2,2018-08-01 05:00:00,370.8818135888878
2018-08-02 05:00:00,PJMW,4300.018945226531,4594.0,2,2018-08-01 05:00:00,293.9810547734687
